observation_id,scenario_id,event_id,proposition,value,source_artifact_id,source_uri,source_hash,source_timestamp,confidence,observation_status,notes
OBS-ghost_logger-EVT-GL-002H-product_id,ghost_logger,EVT-GL-002H,product_id,,,,,,,NOT_REVIEWED,
OBS-ghost_logger-EVT-GL-002H-product_version,ghost_logger,EVT-GL-002H,product_version,,,,,,,NOT_REVIEWED,
OBS-ghost_logger-EVT-GL-002H-product_purl,ghost_logger,EVT-GL-002H,product_purl,,,,,,,NOT_REVIEWED,
OBS-ghost_logger-EVT-GL-002H-sbom_reference,ghost_logger,EVT-GL-002H,sbom_reference,,,,,,,NOT_REVIEWED,
OBS-ghost_logger-EVT-GL-002H-primary_identifier,ghost_logger,EVT-GL-002H,primary_identifier,,,,,,,NOT_REVIEWED,
OBS-ghost_logger-EVT-GL-002H-matching_method,ghost_logger,EVT-GL-002H,matching_method,,,,,,,NOT_REVIEWED,
OBS-ghost_logger-EVT-GL-002H-identity_confidence,ghost_logger,EVT-GL-002H,identity_confidence,,,,,,,NOT_REVIEWED,
OBS-ghost_logger-EVT-GL-002H-cve_id,ghost_logger,EVT-GL-002H,cve_id,,,,,,,NOT_REVIEWED,
OBS-ghost_logger-EVT-GL-002H-cisa_kev_status,ghost_logger,EVT-GL-002H,cisa_kev_status,,,,,,,NOT_REVIEWED,
OBS-ghost_logger-EVT-GL-002H-epss_percentile,ghost_logger,EVT-GL-002H,epss_percentile,,,,,,,NOT_REVIEWED,
OBS-ghost_logger-EVT-GL-002H-csaf_vex_status,ghost_logger,EVT-GL-002H,csaf_vex_status,,,,,,,NOT_REVIEWED,
OBS-ghost_logger-EVT-GL-002H-csaf_reference,ghost_logger,EVT-GL-002H,csaf_reference,,,,,,,NOT_REVIEWED,
OBS-ghost_logger-EVT-GL-002H-execution_observed,ghost_logger,EVT-GL-002H,execution_observed,,,,,,,NOT_REVIEWED,
OBS-ghost_logger-EVT-GL-002H-reachability_confirmed,ghost_logger,EVT-GL-002H,reachability_confirmed,,,,,,,NOT_REVIEWED,
OBS-ghost_logger-EVT-GL-002H-telemetry_reference,ghost_logger,EVT-GL-002H,telemetry_reference,,,,,,,NOT_REVIEWED,
OBS-ghost_logger-EVT-GL-002H-asset_criticality,ghost_logger,EVT-GL-002H,asset_criticality,,,,,,,NOT_REVIEWED,
OBS-ghost_logger-EVT-GL-002H-deployment_scope,ghost_logger,EVT-GL-002H,deployment_scope,,,,,,,NOT_REVIEWED,
OBS-ghost_logger-EVT-GL-002H-mitigation_status,ghost_logger,EVT-GL-002H,mitigation_status,,,,,,,NOT_REVIEWED,
OBS-ghost_logger-EVT-GL-010H-product_id,ghost_logger,EVT-GL-010H,product_id,,,,,,,NOT_REVIEWED,
OBS-ghost_logger-EVT-GL-010H-product_version,ghost_logger,EVT-GL-010H,product_version,,,,,,,NOT_REVIEWED,
OBS-ghost_logger-EVT-GL-010H-product_purl,ghost_logger,EVT-GL-010H,product_purl,,,,,,,NOT_REVIEWED,
OBS-ghost_logger-EVT-GL-010H-sbom_reference,ghost_logger,EVT-GL-010H,sbom_reference,,,,,,,NOT_REVIEWED,
OBS-ghost_logger-EVT-GL-010H-primary_identifier,ghost_logger,EVT-GL-010H,primary_identifier,,,,,,,NOT_REVIEWED,
OBS-ghost_logger-EVT-GL-010H-matching_method,ghost_logger,EVT-GL-010H,matching_method,,,,,,,NOT_REVIEWED,
OBS-ghost_logger-EVT-GL-010H-identity_confidence,ghost_logger,EVT-GL-010H,identity_confidence,,,,,,,NOT_REVIEWED,
OBS-ghost_logger-EVT-GL-010H-cve_id,ghost_logger,EVT-GL-010H,cve_id,,,,,,,NOT_REVIEWED,
OBS-ghost_logger-EVT-GL-010H-cisa_kev_status,ghost_logger,EVT-GL-010H,cisa_kev_status,,,,,,,NOT_REVIEWED,
OBS-ghost_logger-EVT-GL-010H-epss_percentile,ghost_logger,EVT-GL-010H,epss_percentile,,,,,,,NOT_REVIEWED,
OBS-ghost_logger-EVT-GL-010H-csaf_vex_status,ghost_logger,EVT-GL-010H,csaf_vex_status,,,,,,,NOT_REVIEWED,
OBS-ghost_logger-EVT-GL-010H-csaf_reference,ghost_logger,EVT-GL-010H,csaf_reference,,,,,,,NOT_REVIEWED,
OBS-ghost_logger-EVT-GL-010H-execution_observed,ghost_logger,EVT-GL-010H,execution_observed,,,,,,,NOT_REVIEWED,
OBS-ghost_logger-EVT-GL-010H-reachability_confirmed,ghost_logger,EVT-GL-010H,reachability_confirmed,,,,,,,NOT_REVIEWED,
OBS-ghost_logger-EVT-GL-010H-telemetry_reference,ghost_logger,EVT-GL-010H,telemetry_reference,,,,,,,NOT_REVIEWED,
OBS-ghost_logger-EVT-GL-010H-asset_criticality,ghost_logger,EVT-GL-010H,asset_criticality,,,,,,,NOT_REVIEWED,
OBS-ghost_logger-EVT-GL-010H-deployment_scope,ghost_logger,EVT-GL-010H,deployment_scope,,,,,,,NOT_REVIEWED,
OBS-ghost_logger-EVT-GL-010H-mitigation_status,ghost_logger,EVT-GL-010H,mitigation_status,,,,,,,NOT_REVIEWED,
OBS-ghost_logger-EVT-GL-014H-product_id,ghost_logger,EVT-GL-014H,product_id,,,,,,,NOT_REVIEWED,
OBS-ghost_logger-EVT-GL-014H-product_version,ghost_logger,EVT-GL-014H,product_version,,,,,,,NOT_REVIEWED,
OBS-ghost_logger-EVT-GL-014H-product_purl,ghost_logger,EVT-GL-014H,product_purl,,,,,,,NOT_REVIEWED,
OBS-ghost_logger-EVT-GL-014H-sbom_reference,ghost_logger,EVT-GL-014H,sbom_reference,,,,,,,NOT_REVIEWED,
OBS-ghost_logger-EVT-GL-014H-primary_identifier,ghost_logger,EVT-GL-014H,primary_identifier,,,,,,,NOT_REVIEWED,
OBS-ghost_logger-EVT-GL-014H-matching_method,ghost_logger,EVT-GL-014H,matching_method,,,,,,,NOT_REVIEWED,
OBS-ghost_logger-EVT-GL-014H-identity_confidence,ghost_logger,EVT-GL-014H,identity_confidence,,,,,,,NOT_REVIEWED,
OBS-ghost_logger-EVT-GL-014H-cve_id,ghost_logger,EVT-GL-014H,cve_id,,,,,,,NOT_REVIEWED,
OBS-ghost_logger-EVT-GL-014H-cisa_kev_status,ghost_logger,EVT-GL-014H,cisa_kev_status,,,,,,,NOT_REVIEWED,
OBS-ghost_logger-EVT-GL-014H-epss_percentile,ghost_logger,EVT-GL-014H,epss_percentile,,,,,,,NOT_REVIEWED,
OBS-ghost_logger-EVT-GL-014H-csaf_vex_status,ghost_logger,EVT-GL-014H,csaf_vex_status,,,,,,,NOT_REVIEWED,
OBS-ghost_logger-EVT-GL-014H-csaf_reference,ghost_logger,EVT-GL-014H,csaf_reference,,,,,,,NOT_REVIEWED,
OBS-ghost_logger-EVT-GL-014H-execution_observed,ghost_logger,EVT-GL-014H,execution_observed,,,,,,,NOT_REVIEWED,
OBS-ghost_logger-EVT-GL-014H-reachability_confirmed,ghost_logger,EVT-GL-014H,reachability_confirmed,,,,,,,NOT_REVIEWED,
OBS-ghost_logger-EVT-GL-014H-telemetry_reference,ghost_logger,EVT-GL-014H,telemetry_reference,,,,,,,NOT_REVIEWED,
OBS-ghost_logger-EVT-GL-014H-asset_criticality,ghost_logger,EVT-GL-014H,asset_criticality,,,,,,,NOT_REVIEWED,
OBS-ghost_logger-EVT-GL-014H-deployment_scope,ghost_logger,EVT-GL-014H,deployment_scope,,,,,,,NOT_REVIEWED,
OBS-ghost_logger-EVT-GL-014H-mitigation_status,ghost_logger,EVT-GL-014H,mitigation_status,,,,,,,NOT_REVIEWED,
OBS-ghost_logger-EVT-GL-020H-product_id,ghost_logger,EVT-GL-020H,product_id,,,,,,,NOT_REVIEWED,
OBS-ghost_logger-EVT-GL-020H-product_version,ghost_logger,EVT-GL-020H,product_version,,,,,,,NOT_REVIEWED,
OBS-ghost_logger-EVT-GL-020H-product_purl,ghost_logger,EVT-GL-020H,product_purl,,,,,,,NOT_REVIEWED,
OBS-ghost_logger-EVT-GL-020H-sbom_reference,ghost_logger,EVT-GL-020H,sbom_reference,,,,,,,NOT_REVIEWED,
OBS-ghost_logger-EVT-GL-020H-primary_identifier,ghost_logger,EVT-GL-020H,primary_identifier,,,,,,,NOT_REVIEWED,
OBS-ghost_logger-EVT-GL-020H-matching_method,ghost_logger,EVT-GL-020H,matching_method,,,,,,,NOT_REVIEWED,
OBS-ghost_logger-EVT-GL-020H-identity_confidence,ghost_logger,EVT-GL-020H,identity_confidence,,,,,,,NOT_REVIEWED,
OBS-ghost_logger-EVT-GL-020H-cve_id,ghost_logger,EVT-GL-020H,cve_id,,,,,,,NOT_REVIEWED,
OBS-ghost_logger-EVT-GL-020H-cisa_kev_status,ghost_logger,EVT-GL-020H,cisa_kev_status,,,,,,,NOT_REVIEWED,
OBS-ghost_logger-EVT-GL-020H-epss_percentile,ghost_logger,EVT-GL-020H,epss_percentile,,,,,,,NOT_REVIEWED,
OBS-ghost_logger-EVT-GL-020H-csaf_vex_status,ghost_logger,EVT-GL-020H,csaf_vex_status,,,,,,,NOT_REVIEWED,
OBS-ghost_logger-EVT-GL-020H-csaf_reference,ghost_logger,EVT-GL-020H,csaf_reference,,,,,,,NOT_REVIEWED,
OBS-ghost_logger-EVT-GL-020H-execution_observed,ghost_logger,EVT-GL-020H,execution_observed,,,,,,,NOT_REVIEWED,
OBS-ghost_logger-EVT-GL-020H-reachability_confirmed,ghost_logger,EVT-GL-020H,reachability_confirmed,,,,,,,NOT_REVIEWED,
OBS-ghost_logger-EVT-GL-020H-telemetry_reference,ghost_logger,EVT-GL-020H,telemetry_reference,,,,,,,NOT_REVIEWED,
OBS-ghost_logger-EVT-GL-020H-asset_criticality,ghost_logger,EVT-GL-020H,asset_criticality,,,,,,,NOT_REVIEWED,
OBS-ghost_logger-EVT-GL-020H-deployment_scope,ghost_logger,EVT-GL-020H,deployment_scope,,,,,,,NOT_REVIEWED,
OBS-ghost_logger-EVT-GL-020H-mitigation_status,ghost_logger,EVT-GL-020H,mitigation_status,,,,,,,NOT_REVIEWED,
OBS-ghost_logger-EVT-GL-072H-product_id,ghost_logger,EVT-GL-072H,product_id,,,,,,,NOT_REVIEWED,
OBS-ghost_logger-EVT-GL-072H-product_version,ghost_logger,EVT-GL-072H,product_version,,,,,,,NOT_REVIEWED,
OBS-ghost_logger-EVT-GL-072H-product_purl,ghost_logger,EVT-GL-072H,product_purl,,,,,,,NOT_REVIEWED,
OBS-ghost_logger-EVT-GL-072H-sbom_reference,ghost_logger,EVT-GL-072H,sbom_reference,,,,,,,NOT_REVIEWED,
OBS-ghost_logger-EVT-GL-072H-primary_identifier,ghost_logger,EVT-GL-072H,primary_identifier,,,,,,,NOT_REVIEWED,
OBS-ghost_logger-EVT-GL-072H-matching_method,ghost_logger,EVT-GL-072H,matching_method,,,,,,,NOT_REVIEWED,
OBS-ghost_logger-EVT-GL-072H-identity_confidence,ghost_logger,EVT-GL-072H,identity_confidence,,,,,,,NOT_REVIEWED,
OBS-ghost_logger-EVT-GL-072H-cve_id,ghost_logger,EVT-GL-072H,cve_id,,,,,,,NOT_REVIEWED,
OBS-ghost_logger-EVT-GL-072H-cisa_kev_status,ghost_logger,EVT-GL-072H,cisa_kev_status,,,,,,,NOT_REVIEWED,
OBS-ghost_logger-EVT-GL-072H-epss_percentile,ghost_logger,EVT-GL-072H,epss_percentile,,,,,,,NOT_REVIEWED,
OBS-ghost_logger-EVT-GL-072H-csaf_vex_status,ghost_logger,EVT-GL-072H,csaf_vex_status,,,,,,,NOT_REVIEWED,
OBS-ghost_logger-EVT-GL-072H-csaf_reference,ghost_logger,EVT-GL-072H,csaf_reference,,,,,,,NOT_REVIEWED,
OBS-ghost_logger-EVT-GL-072H-execution_observed,ghost_logger,EVT-GL-072H,execution_observed,,,,,,,NOT_REVIEWED,
OBS-ghost_logger-EVT-GL-072H-reachability_confirmed,ghost_logger,EVT-GL-072H,reachability_confirmed,,,,,,,NOT_REVIEWED,
OBS-ghost_logger-EVT-GL-072H-telemetry_reference,ghost_logger,EVT-GL-072H,telemetry_reference,,,,,,,NOT_REVIEWED,
OBS-ghost_logger-EVT-GL-072H-asset_criticality,ghost_logger,EVT-GL-072H,asset_criticality,,,,,,,NOT_REVIEWED,
OBS-ghost_logger-EVT-GL-072H-deployment_scope,ghost_logger,EVT-GL-072H,deployment_scope,,,,,,,NOT_REVIEWED,
OBS-ghost_logger-EVT-GL-072H-mitigation_status,ghost_logger,EVT-GL-072H,mitigation_status,,,,,,,NOT_REVIEWED,
OBS-false_comfort-EVT-FC-002H-product_id,false_comfort,EVT-FC-002H,product_id,,,,,,,NOT_REVIEWED,
OBS-false_comfort-EVT-FC-002H-product_version,false_comfort,EVT-FC-002H,product_version,,,,,,,NOT_REVIEWED,
OBS-false_comfort-EVT-FC-002H-product_purl,false_comfort,EVT-FC-002H,product_purl,,,,,,,NOT_REVIEWED,
OBS-false_comfort-EVT-FC-002H-sbom_reference,false_comfort,EVT-FC-002H,sbom_reference,,,,,,,NOT_REVIEWED,
OBS-false_comfort-EVT-FC-002H-primary_identifier,false_comfort,EVT-FC-002H,primary_identifier,,,,,,,NOT_REVIEWED,
OBS-false_comfort-EVT-FC-002H-matching_method,false_comfort,EVT-FC-002H,matching_method,,,,,,,NOT_REVIEWED,
OBS-false_comfort-EVT-FC-002H-identity_confidence,false_comfort,EVT-FC-002H,identity_confidence,,,,,,,NOT_REVIEWED,
OBS-false_comfort-EVT-FC-002H-cve_id,false_comfort,EVT-FC-002H,cve_id,,,,,,,NOT_REVIEWED,
OBS-false_comfort-EVT-FC-002H-cisa_kev_status,false_comfort,EVT-FC-002H,cisa_kev_status,,,,,,,NOT_REVIEWED,
OBS-false_comfort-EVT-FC-002H-epss_percentile,false_comfort,EVT-FC-002H,epss_percentile,,,,,,,NOT_REVIEWED,
OBS-false_comfort-EVT-FC-002H-csaf_vex_status,false_comfort,EVT-FC-002H,csaf_vex_status,,,,,,,NOT_REVIEWED,
OBS-false_comfort-EVT-FC-002H-csaf_reference,false_comfort,EVT-FC-002H,csaf_reference,,,,,,,NOT_REVIEWED,
OBS-false_comfort-EVT-FC-002H-execution_observed,false_comfort,EVT-FC-002H,execution_observed,,,,,,,NOT_REVIEWED,
OBS-false_comfort-EVT-FC-002H-reachability_confirmed,false_comfort,EVT-FC-002H,reachability_confirmed,,,,,,,NOT_REVIEWED,
OBS-false_comfort-EVT-FC-002H-telemetry_reference,false_comfort,EVT-FC-002H,telemetry_reference,,,,,,,NOT_REVIEWED,
OBS-false_comfort-EVT-FC-002H-asset_criticality,false_comfort,EVT-FC-002H,asset_criticality,,,,,,,NOT_REVIEWED,
OBS-false_comfort-EVT-FC-002H-deployment_scope,false_comfort,EVT-FC-002H,deployment_scope,,,,,,,NOT_REVIEWED,
OBS-false_comfort-EVT-FC-002H-mitigation_status,false_comfort,EVT-FC-002H,mitigation_status,,,,,,,NOT_REVIEWED,
OBS-false_comfort-EVT-FC-008H-product_id,false_comfort,EVT-FC-008H,product_id,,,,,,,NOT_REVIEWED,
OBS-false_comfort-EVT-FC-008H-product_version,false_comfort,EVT-FC-008H,product_version,,,,,,,NOT_REVIEWED,
OBS-false_comfort-EVT-FC-008H-product_purl,false_comfort,EVT-FC-008H,product_purl,,,,,,,NOT_REVIEWED,
OBS-false_comfort-EVT-FC-008H-sbom_reference,false_comfort,EVT-FC-008H,sbom_reference,,,,,,,NOT_REVIEWED,
OBS-false_comfort-EVT-FC-008H-primary_identifier,false_comfort,EVT-FC-008H,primary_identifier,,,,,,,NOT_REVIEWED,
OBS-false_comfort-EVT-FC-008H-matching_method,false_comfort,EVT-FC-008H,matching_method,,,,,,,NOT_REVIEWED,
OBS-false_comfort-EVT-FC-008H-identity_confidence,false_comfort,EVT-FC-008H,identity_confidence,,,,,,,NOT_REVIEWED,
OBS-false_comfort-EVT-FC-008H-cve_id,false_comfort,EVT-FC-008H,cve_id,,,,,,,NOT_REVIEWED,
OBS-false_comfort-EVT-FC-008H-cisa_kev_status,false_comfort,EVT-FC-008H,cisa_kev_status,,,,,,,NOT_REVIEWED,
OBS-false_comfort-EVT-FC-008H-epss_percentile,false_comfort,EVT-FC-008H,epss_percentile,,,,,,,NOT_REVIEWED,
OBS-false_comfort-EVT-FC-008H-csaf_vex_status,false_comfort,EVT-FC-008H,csaf_vex_status,,,,,,,NOT_REVIEWED,
OBS-false_comfort-EVT-FC-008H-csaf_reference,false_comfort,EVT-FC-008H,csaf_reference,,,,,,,NOT_REVIEWED,
OBS-false_comfort-EVT-FC-008H-execution_observed,false_comfort,EVT-FC-008H,execution_observed,,,,,,,NOT_REVIEWED,
OBS-false_comfort-EVT-FC-008H-reachability_confirmed,false_comfort,EVT-FC-008H,reachability_confirmed,,,,,,,NOT_REVIEWED,
OBS-false_comfort-EVT-FC-008H-telemetry_reference,false_comfort,EVT-FC-008H,telemetry_reference,,,,,,,NOT_REVIEWED,
OBS-false_comfort-EVT-FC-008H-asset_criticality,false_comfort,EVT-FC-008H,asset_criticality,,,,,,,NOT_REVIEWED,
OBS-false_comfort-EVT-FC-008H-deployment_scope,false_comfort,EVT-FC-008H,deployment_scope,,,,,,,NOT_REVIEWED,
OBS-false_comfort-EVT-FC-008H-mitigation_status,false_comfort,EVT-FC-008H,mitigation_status,,,,,,,NOT_REVIEWED,
OBS-false_comfort-EVT-FC-012H-product_id,false_comfort,EVT-FC-012H,product_id,,,,,,,NOT_REVIEWED,
OBS-false_comfort-EVT-FC-012H-product_version,false_comfort,EVT-FC-012H,product_version,,,,,,,NOT_REVIEWED,
OBS-false_comfort-EVT-FC-012H-product_purl,false_comfort,EVT-FC-012H,product_purl,,,,,,,NOT_REVIEWED,
OBS-false_comfort-EVT-FC-012H-sbom_reference,false_comfort,EVT-FC-012H,sbom_reference,,,,,,,NOT_REVIEWED,
OBS-false_comfort-EVT-FC-012H-primary_identifier,false_comfort,EVT-FC-012H,primary_identifier,,,,,,,NOT_REVIEWED,
OBS-false_comfort-EVT-FC-012H-matching_method,false_comfort,EVT-FC-012H,matching_method,,,,,,,NOT_REVIEWED,
OBS-false_comfort-EVT-FC-012H-identity_confidence,false_comfort,EVT-FC-012H,identity_confidence,,,,,,,NOT_REVIEWED,
OBS-false_comfort-EVT-FC-012H-cve_id,false_comfort,EVT-FC-012H,cve_id,,,,,,,NOT_REVIEWED,
OBS-false_comfort-EVT-FC-012H-cisa_kev_status,false_comfort,EVT-FC-012H,cisa_kev_status,,,,,,,NOT_REVIEWED,
OBS-false_comfort-EVT-FC-012H-epss_percentile,false_comfort,EVT-FC-012H,epss_percentile,,,,,,,NOT_REVIEWED,
OBS-false_comfort-EVT-FC-012H-csaf_vex_status,false_comfort,EVT-FC-012H,csaf_vex_status,,,,,,,NOT_REVIEWED,
OBS-false_comfort-EVT-FC-012H-csaf_reference,false_comfort,EVT-FC-012H,csaf_reference,,,,,,,NOT_REVIEWED,
OBS-false_comfort-EVT-FC-012H-execution_observed,false_comfort,EVT-FC-012H,execution_observed,,,,,,,NOT_REVIEWED,
OBS-false_comfort-EVT-FC-012H-reachability_confirmed,false_comfort,EVT-FC-012H,reachability_confirmed,,,,,,,NOT_REVIEWED,
OBS-false_comfort-EVT-FC-012H-telemetry_reference,false_comfort,EVT-FC-012H,telemetry_reference,,,,,,,NOT_REVIEWED,
OBS-false_comfort-EVT-FC-012H-asset_criticality,false_comfort,EVT-FC-012H,asset_criticality,,,,,,,NOT_REVIEWED,
OBS-false_comfort-EVT-FC-012H-deployment_scope,false_comfort,EVT-FC-012H,deployment_scope,,,,,,,NOT_REVIEWED,
OBS-false_comfort-EVT-FC-012H-mitigation_status,false_comfort,EVT-FC-012H,mitigation_status,,,,,,,NOT_REVIEWED,
OBS-false_comfort-EVT-FC-072H-product_id,false_comfort,EVT-FC-072H,product_id,,,,,,,NOT_REVIEWED,
OBS-false_comfort-EVT-FC-072H-product_version,false_comfort,EVT-FC-072H,product_version,,,,,,,NOT_REVIEWED,
OBS-false_comfort-EVT-FC-072H-product_purl,false_comfort,EVT-FC-072H,product_purl,,,,,,,NOT_REVIEWED,
OBS-false_comfort-EVT-FC-072H-sbom_reference,false_comfort,EVT-FC-072H,sbom_reference,,,,,,,NOT_REVIEWED,
OBS-false_comfort-EVT-FC-072H-primary_identifier,false_comfort,EVT-FC-072H,primary_identifier,,,,,,,NOT_REVIEWED,
OBS-false_comfort-EVT-FC-072H-matching_method,false_comfort,EVT-FC-072H,matching_method,,,,,,,NOT_REVIEWED,
OBS-false_comfort-EVT-FC-072H-identity_confidence,false_comfort,EVT-FC-072H,identity_confidence,,,,,,,NOT_REVIEWED,
OBS-false_comfort-EVT-FC-072H-cve_id,false_comfort,EVT-FC-072H,cve_id,,,,,,,NOT_REVIEWED,
OBS-false_comfort-EVT-FC-072H-cisa_kev_status,false_comfort,EVT-FC-072H,cisa_kev_status,,,,,,,NOT_REVIEWED,
OBS-false_comfort-EVT-FC-072H-epss_percentile,false_comfort,EVT-FC-072H,epss_percentile,,,,,,,NOT_REVIEWED,
OBS-false_comfort-EVT-FC-072H-csaf_vex_status,false_comfort,EVT-FC-072H,csaf_vex_status,,,,,,,NOT_REVIEWED,
OBS-false_comfort-EVT-FC-072H-csaf_reference,false_comfort,EVT-FC-072H,csaf_reference,,,,,,,NOT_REVIEWED,
OBS-false_comfort-EVT-FC-072H-execution_observed,false_comfort,EVT-FC-072H,execution_observed,,,,,,,NOT_REVIEWED,
OBS-false_comfort-EVT-FC-072H-reachability_confirmed,false_comfort,EVT-FC-072H,reachability_confirmed,,,,,,,NOT_REVIEWED,
OBS-false_comfort-EVT-FC-072H-telemetry_reference,false_comfort,EVT-FC-072H,telemetry_reference,,,,,,,NOT_REVIEWED,
OBS-false_comfort-EVT-FC-072H-asset_criticality,false_comfort,EVT-FC-072H,asset_criticality,,,,,,,NOT_REVIEWED,
OBS-false_comfort-EVT-FC-072H-deployment_scope,false_comfort,EVT-FC-072H,deployment_scope,,,,,,,NOT_REVIEWED,
OBS-false_comfort-EVT-FC-072H-mitigation_status,false_comfort,EVT-FC-072H,mitigation_status,,,,,,,NOT_REVIEWED,
OBS-false_comfort_control-EVT-FCC-002H-product_id,false_comfort_control,EVT-FCC-002H,product_id,,,,,,,NOT_REVIEWED,
OBS-false_comfort_control-EVT-FCC-002H-product_version,false_comfort_control,EVT-FCC-002H,product_version,,,,,,,NOT_REVIEWED,
OBS-false_comfort_control-EVT-FCC-002H-product_purl,false_comfort_control,EVT-FCC-002H,product_purl,,,,,,,NOT_REVIEWED,
OBS-false_comfort_control-EVT-FCC-002H-sbom_reference,false_comfort_control,EVT-FCC-002H,sbom_reference,,,,,,,NOT_REVIEWED,
OBS-false_comfort_control-EVT-FCC-002H-primary_identifier,false_comfort_control,EVT-FCC-002H,primary_identifier,,,,,,,NOT_REVIEWED,
OBS-false_comfort_control-EVT-FCC-002H-matching_method,false_comfort_control,EVT-FCC-002H,matching_method,,,,,,,NOT_REVIEWED,
OBS-false_comfort_control-EVT-FCC-002H-identity_confidence,false_comfort_control,EVT-FCC-002H,identity_confidence,,,,,,,NOT_REVIEWED,
OBS-false_comfort_control-EVT-FCC-002H-cve_id,false_comfort_control,EVT-FCC-002H,cve_id,,,,,,,NOT_REVIEWED,
OBS-false_comfort_control-EVT-FCC-002H-cisa_kev_status,false_comfort_control,EVT-FCC-002H,cisa_kev_status,,,,,,,NOT_REVIEWED,
OBS-false_comfort_control-EVT-FCC-002H-epss_percentile,false_comfort_control,EVT-FCC-002H,epss_percentile,,,,,,,NOT_REVIEWED,
OBS-false_comfort_control-EVT-FCC-002H-csaf_vex_status,false_comfort_control,EVT-FCC-002H,csaf_vex_status,,,,,,,NOT_REVIEWED,
OBS-false_comfort_control-EVT-FCC-002H-csaf_reference,false_comfort_control,EVT-FCC-002H,csaf_reference,,,,,,,NOT_REVIEWED,
OBS-false_comfort_control-EVT-FCC-002H-execution_observed,false_comfort_control,EVT-FCC-002H,execution_observed,,,,,,,NOT_REVIEWED,
OBS-false_comfort_control-EVT-FCC-002H-reachability_confirmed,false_comfort_control,EVT-FCC-002H,reachability_confirmed,,,,,,,NOT_REVIEWED,
OBS-false_comfort_control-EVT-FCC-002H-telemetry_reference,false_comfort_control,EVT-FCC-002H,telemetry_reference,,,,,,,NOT_REVIEWED,
OBS-false_comfort_control-EVT-FCC-002H-asset_criticality,false_comfort_control,EVT-FCC-002H,asset_criticality,,,,,,,NOT_REVIEWED,
OBS-false_comfort_control-EVT-FCC-002H-deployment_scope,false_comfort_control,EVT-FCC-002H,deployment_scope,,,,,,,NOT_REVIEWED,
OBS-false_comfort_control-EVT-FCC-002H-mitigation_status,false_comfort_control,EVT-FCC-002H,mitigation_status,,,,,,,NOT_REVIEWED,
OBS-operational_outlier-EVT-OO-002H-product_id,operational_outlier,EVT-OO-002H,product_id,,,,,,,NOT_REVIEWED,
OBS-operational_outlier-EVT-OO-002H-product_version,operational_outlier,EVT-OO-002H,product_version,,,,,,,NOT_REVIEWED,
OBS-operational_outlier-EVT-OO-002H-product_purl,operational_outlier,EVT-OO-002H,product_purl,,,,,,,NOT_REVIEWED,
OBS-operational_outlier-EVT-OO-002H-sbom_reference,operational_outlier,EVT-OO-002H,sbom_reference,,,,,,,NOT_REVIEWED,
OBS-operational_outlier-EVT-OO-002H-primary_identifier,operational_outlier,EVT-OO-002H,primary_identifier,,,,,,,NOT_REVIEWED,
OBS-operational_outlier-EVT-OO-002H-matching_method,operational_outlier,EVT-OO-002H,matching_method,,,,,,,NOT_REVIEWED,
OBS-operational_outlier-EVT-OO-002H-identity_confidence,operational_outlier,EVT-OO-002H,identity_confidence,,,,,,,NOT_REVIEWED,
OBS-operational_outlier-EVT-OO-002H-cve_id,operational_outlier,EVT-OO-002H,cve_id,,,,,,,NOT_REVIEWED,
OBS-operational_outlier-EVT-OO-002H-cisa_kev_status,operational_outlier,EVT-OO-002H,cisa_kev_status,,,,,,,NOT_REVIEWED,
OBS-operational_outlier-EVT-OO-002H-epss_percentile,operational_outlier,EVT-OO-002H,epss_percentile,,,,,,,NOT_REVIEWED,
OBS-operational_outlier-EVT-OO-002H-csaf_vex_status,operational_outlier,EVT-OO-002H,csaf_vex_status,,,,,,,NOT_REVIEWED,
OBS-operational_outlier-EVT-OO-002H-csaf_reference,operational_outlier,EVT-OO-002H,csaf_reference,,,,,,,NOT_REVIEWED,
OBS-operational_outlier-EVT-OO-002H-execution_observed,operational_outlier,EVT-OO-002H,execution_observed,,,,,,,NOT_REVIEWED,
OBS-operational_outlier-EVT-OO-002H-reachability_confirmed,operational_outlier,EVT-OO-002H,reachability_confirmed,,,,,,,NOT_REVIEWED,
OBS-operational_outlier-EVT-OO-002H-telemetry_reference,operational_outlier,EVT-OO-002H,telemetry_reference,,,,,,,NOT_REVIEWED,
OBS-operational_outlier-EVT-OO-002H-asset_criticality,operational_outlier,EVT-OO-002H,asset_criticality,,,,,,,NOT_REVIEWED,
OBS-operational_outlier-EVT-OO-002H-deployment_scope,operational_outlier,EVT-OO-002H,deployment_scope,,,,,,,NOT_REVIEWED,
OBS-operational_outlier-EVT-OO-002H-mitigation_status,operational_outlier,EVT-OO-002H,mitigation_status,,,,,,,NOT_REVIEWED,
OBS-operational_outlier-EVT-OO-006H-product_id,operational_outlier,EVT-OO-006H,product_id,,,,,,,NOT_REVIEWED,
OBS-operational_outlier-EVT-OO-006H-product_version,operational_outlier,EVT-OO-006H,product_version,,,,,,,NOT_REVIEWED,
OBS-operational_outlier-EVT-OO-006H-product_purl,operational_outlier,EVT-OO-006H,product_purl,,,,,,,NOT_REVIEWED,
OBS-operational_outlier-EVT-OO-006H-sbom_reference,operational_outlier,EVT-OO-006H,sbom_reference,,,,,,,NOT_REVIEWED,
OBS-operational_outlier-EVT-OO-006H-primary_identifier,operational_outlier,EVT-OO-006H,primary_identifier,,,,,,,NOT_REVIEWED,
OBS-operational_outlier-EVT-OO-006H-matching_method,operational_outlier,EVT-OO-006H,matching_method,,,,,,,NOT_REVIEWED,
OBS-operational_outlier-EVT-OO-006H-identity_confidence,operational_outlier,EVT-OO-006H,identity_confidence,,,,,,,NOT_REVIEWED,
OBS-operational_outlier-EVT-OO-006H-cve_id,operational_outlier,EVT-OO-006H,cve_id,,,,,,,NOT_REVIEWED,
OBS-operational_outlier-EVT-OO-006H-cisa_kev_status,operational_outlier,EVT-OO-006H,cisa_kev_status,,,,,,,NOT_REVIEWED,
OBS-operational_outlier-EVT-OO-006H-epss_percentile,operational_outlier,EVT-OO-006H,epss_percentile,,,,,,,NOT_REVIEWED,
OBS-operational_outlier-EVT-OO-006H-csaf_vex_status,operational_outlier,EVT-OO-006H,csaf_vex_status,,,,,,,NOT_REVIEWED,
OBS-operational_outlier-EVT-OO-006H-csaf_reference,operational_outlier,EVT-OO-006H,csaf_reference,,,,,,,NOT_REVIEWED,
OBS-operational_outlier-EVT-OO-006H-execution_observed,operational_outlier,EVT-OO-006H,execution_observed,,,,,,,NOT_REVIEWED,
OBS-operational_outlier-EVT-OO-006H-reachability_confirmed,operational_outlier,EVT-OO-006H,reachability_confirmed,,,,,,,NOT_REVIEWED,
OBS-operational_outlier-EVT-OO-006H-telemetry_reference,operational_outlier,EVT-OO-006H,telemetry_reference,,,,,,,NOT_REVIEWED,
OBS-operational_outlier-EVT-OO-006H-asset_criticality,operational_outlier,EVT-OO-006H,asset_criticality,,,,,,,NOT_REVIEWED,
OBS-operational_outlier-EVT-OO-006H-deployment_scope,operational_outlier,EVT-OO-006H,deployment_scope,,,,,,,NOT_REVIEWED,
OBS-operational_outlier-EVT-OO-006H-mitigation_status,operational_outlier,EVT-OO-006H,mitigation_status,,,,,,,NOT_REVIEWED,
OBS-operational_outlier-EVT-OO-012H-product_id,operational_outlier,EVT-OO-012H,product_id,,,,,,,NOT_REVIEWED,
OBS-operational_outlier-EVT-OO-012H-product_version,operational_outlier,EVT-OO-012H,product_version,,,,,,,NOT_REVIEWED,
OBS-operational_outlier-EVT-OO-012H-product_purl,operational_outlier,EVT-OO-012H,product_purl,,,,,,,NOT_REVIEWED,
OBS-operational_outlier-EVT-OO-012H-sbom_reference,operational_outlier,EVT-OO-012H,sbom_reference,,,,,,,NOT_REVIEWED,
OBS-operational_outlier-EVT-OO-012H-primary_identifier,operational_outlier,EVT-OO-012H,primary_identifier,,,,,,,NOT_REVIEWED,
OBS-operational_outlier-EVT-OO-012H-matching_method,operational_outlier,EVT-OO-012H,matching_method,,,,,,,NOT_REVIEWED,
OBS-operational_outlier-EVT-OO-012H-identity_confidence,operational_outlier,EVT-OO-012H,identity_confidence,,,,,,,NOT_REVIEWED,
OBS-operational_outlier-EVT-OO-012H-cve_id,operational_outlier,EVT-OO-012H,cve_id,,,,,,,NOT_REVIEWED,
OBS-operational_outlier-EVT-OO-012H-cisa_kev_status,operational_outlier,EVT-OO-012H,cisa_kev_status,,,,,,,NOT_REVIEWED,
OBS-operational_outlier-EVT-OO-012H-epss_percentile,operational_outlier,EVT-OO-012H,epss_percentile,,,,,,,NOT_REVIEWED,
OBS-operational_outlier-EVT-OO-012H-csaf_vex_status,operational_outlier,EVT-OO-012H,csaf_vex_status,,,,,,,NOT_REVIEWED,
OBS-operational_outlier-EVT-OO-012H-csaf_reference,operational_outlier,EVT-OO-012H,csaf_reference,,,,,,,NOT_REVIEWED,
OBS-operational_outlier-EVT-OO-012H-execution_observed,operational_outlier,EVT-OO-012H,execution_observed,,,,,,,NOT_REVIEWED,
OBS-operational_outlier-EVT-OO-012H-reachability_confirmed,operational_outlier,EVT-OO-012H,reachability_confirmed,,,,,,,NOT_REVIEWED,
OBS-operational_outlier-EVT-OO-012H-telemetry_reference,operational_outlier,EVT-OO-012H,telemetry_reference,,,,,,,NOT_REVIEWED,
OBS-operational_outlier-EVT-OO-012H-asset_criticality,operational_outlier,EVT-OO-012H,asset_criticality,,,,,,,NOT_REVIEWED,
OBS-operational_outlier-EVT-OO-012H-deployment_scope,operational_outlier,EVT-OO-012H,deployment_scope,,,,,,,NOT_REVIEWED,
OBS-operational_outlier-EVT-OO-012H-mitigation_status,operational_outlier,EVT-OO-012H,mitigation_status,,,,,,,NOT_REVIEWED,
OBS-operational_outlier-EVT-OO-072H-product_id,operational_outlier,EVT-OO-072H,product_id,,,,,,,NOT_REVIEWED,
OBS-operational_outlier-EVT-OO-072H-product_version,operational_outlier,EVT-OO-072H,product_version,,,,,,,NOT_REVIEWED,
OBS-operational_outlier-EVT-OO-072H-product_purl,operational_outlier,EVT-OO-072H,product_purl,,,,,,,NOT_REVIEWED,
OBS-operational_outlier-EVT-OO-072H-sbom_reference,operational_outlier,EVT-OO-072H,sbom_reference,,,,,,,NOT_REVIEWED,
OBS-operational_outlier-EVT-OO-072H-primary_identifier,operational_outlier,EVT-OO-072H,primary_identifier,,,,,,,NOT_REVIEWED,
OBS-operational_outlier-EVT-OO-072H-matching_method,operational_outlier,EVT-OO-072H,matching_method,,,,,,,NOT_REVIEWED,
OBS-operational_outlier-EVT-OO-072H-identity_confidence,operational_outlier,EVT-OO-072H,identity_confidence,,,,,,,NOT_REVIEWED,
OBS-operational_outlier-EVT-OO-072H-cve_id,operational_outlier,EVT-OO-072H,cve_id,,,,,,,NOT_REVIEWED,
OBS-operational_outlier-EVT-OO-072H-cisa_kev_status,operational_outlier,EVT-OO-072H,cisa_kev_status,,,,,,,NOT_REVIEWED,
OBS-operational_outlier-EVT-OO-072H-epss_percentile,operational_outlier,EVT-OO-072H,epss_percentile,,,,,,,NOT_REVIEWED,
OBS-operational_outlier-EVT-OO-072H-csaf_vex_status,operational_outlier,EVT-OO-072H,csaf_vex_status,,,,,,,NOT_REVIEWED,
OBS-operational_outlier-EVT-OO-072H-csaf_reference,operational_outlier,EVT-OO-072H,csaf_reference,,,,,,,NOT_REVIEWED,
OBS-operational_outlier-EVT-OO-072H-execution_observed,operational_outlier,EVT-OO-072H,execution_observed,,,,,,,NOT_REVIEWED,
OBS-operational_outlier-EVT-OO-072H-reachability_confirmed,operational_outlier,EVT-OO-072H,reachability_confirmed,,,,,,,NOT_REVIEWED,
OBS-operational_outlier-EVT-OO-072H-telemetry_reference,operational_outlier,EVT-OO-072H,telemetry_reference,,,,,,,NOT_REVIEWED,
OBS-operational_outlier-EVT-OO-072H-asset_criticality,operational_outlier,EVT-OO-072H,asset_criticality,,,,,,,NOT_REVIEWED,
OBS-operational_outlier-EVT-OO-072H-deployment_scope,operational_outlier,EVT-OO-072H,deployment_scope,,,,,,,NOT_REVIEWED,
OBS-operational_outlier-EVT-OO-072H-mitigation_status,operational_outlier,EVT-OO-072H,mitigation_status,,,,,,,NOT_REVIEWED,
OBS-operational_outlier_control-EVT-OOC-002H-product_id,operational_outlier_control,EVT-OOC-002H,product_id,,,,,,,NOT_REVIEWED,
OBS-operational_outlier_control-EVT-OOC-002H-product_version,operational_outlier_control,EVT-OOC-002H,product_version,,,,,,,NOT_REVIEWED,
OBS-operational_outlier_control-EVT-OOC-002H-product_purl,operational_outlier_control,EVT-OOC-002H,product_purl,,,,,,,NOT_REVIEWED,
OBS-operational_outlier_control-EVT-OOC-002H-sbom_reference,operational_outlier_control,EVT-OOC-002H,sbom_reference,,,,,,,NOT_REVIEWED,
OBS-operational_outlier_control-EVT-OOC-002H-primary_identifier,operational_outlier_control,EVT-OOC-002H,primary_identifier,,,,,,,NOT_REVIEWED,
OBS-operational_outlier_control-EVT-OOC-002H-matching_method,operational_outlier_control,EVT-OOC-002H,matching_method,,,,,,,NOT_REVIEWED,
OBS-operational_outlier_control-EVT-OOC-002H-identity_confidence,operational_outlier_control,EVT-OOC-002H,identity_confidence,,,,,,,NOT_REVIEWED,
OBS-operational_outlier_control-EVT-OOC-002H-cve_id,operational_outlier_control,EVT-OOC-002H,cve_id,,,,,,,NOT_REVIEWED,
OBS-operational_outlier_control-EVT-OOC-002H-cisa_kev_status,operational_outlier_control,EVT-OOC-002H,cisa_kev_status,,,,,,,NOT_REVIEWED,
OBS-operational_outlier_control-EVT-OOC-002H-epss_percentile,operational_outlier_control,EVT-OOC-002H,epss_percentile,,,,,,,NOT_REVIEWED,
OBS-operational_outlier_control-EVT-OOC-002H-csaf_vex_status,operational_outlier_control,EVT-OOC-002H,csaf_vex_status,,,,,,,NOT_REVIEWED,
OBS-operational_outlier_control-EVT-OOC-002H-csaf_reference,operational_outlier_control,EVT-OOC-002H,csaf_reference,,,,,,,NOT_REVIEWED,
OBS-operational_outlier_control-EVT-OOC-002H-execution_observed,operational_outlier_control,EVT-OOC-002H,execution_observed,,,,,,,NOT_REVIEWED,
OBS-operational_outlier_control-EVT-OOC-002H-reachability_confirmed,operational_outlier_control,EVT-OOC-002H,reachability_confirmed,,,,,,,NOT_REVIEWED,
OBS-operational_outlier_control-EVT-OOC-002H-telemetry_reference,operational_outlier_control,EVT-OOC-002H,telemetry_reference,,,,,,,NOT_REVIEWED,
OBS-operational_outlier_control-EVT-OOC-002H-asset_criticality,operational_outlier_control,EVT-OOC-002H,asset_criticality,,,,,,,NOT_REVIEWED,
OBS-operational_outlier_control-EVT-OOC-002H-deployment_scope,operational_outlier_control,EVT-OOC-002H,deployment_scope,,,,,,,NOT_REVIEWED,
OBS-operational_outlier_control-EVT-OOC-002H-mitigation_status,operational_outlier_control,EVT-OOC-002H,mitigation_status,,,,,,,NOT_REVIEWED,
OBS-operational_outlier_control-EVT-OOC-006H-product_id,operational_outlier_control,EVT-OOC-006H,product_id,,,,,,,NOT_REVIEWED,
OBS-operational_outlier_control-EVT-OOC-006H-product_version,operational_outlier_control,EVT-OOC-006H,product_version,,,,,,,NOT_REVIEWED,
OBS-operational_outlier_control-EVT-OOC-006H-product_purl,operational_outlier_control,EVT-OOC-006H,product_purl,,,,,,,NOT_REVIEWED,
OBS-operational_outlier_control-EVT-OOC-006H-sbom_reference,operational_outlier_control,EVT-OOC-006H,sbom_reference,,,,,,,NOT_REVIEWED,
OBS-operational_outlier_control-EVT-OOC-006H-primary_identifier,operational_outlier_control,EVT-OOC-006H,primary_identifier,,,,,,,NOT_REVIEWED,
OBS-operational_outlier_control-EVT-OOC-006H-matching_method,operational_outlier_control,EVT-OOC-006H,matching_method,,,,,,,NOT_REVIEWED,
OBS-operational_outlier_control-EVT-OOC-006H-identity_confidence,operational_outlier_control,EVT-OOC-006H,identity_confidence,,,,,,,NOT_REVIEWED,
OBS-operational_outlier_control-EVT-OOC-006H-cve_id,operational_outlier_control,EVT-OOC-006H,cve_id,,,,,,,NOT_REVIEWED,
OBS-operational_outlier_control-EVT-OOC-006H-cisa_kev_status,operational_outlier_control,EVT-OOC-006H,cisa_kev_status,,,,,,,NOT_REVIEWED,
OBS-operational_outlier_control-EVT-OOC-006H-epss_percentile,operational_outlier_control,EVT-OOC-006H,epss_percentile,,,,,,,NOT_REVIEWED,
OBS-operational_outlier_control-EVT-OOC-006H-csaf_vex_status,operational_outlier_control,EVT-OOC-006H,csaf_vex_status,,,,,,,NOT_REVIEWED,
OBS-operational_outlier_control-EVT-OOC-006H-csaf_reference,operational_outlier_control,EVT-OOC-006H,csaf_reference,,,,,,,NOT_REVIEWED,
OBS-operational_outlier_control-EVT-OOC-006H-execution_observed,operational_outlier_control,EVT-OOC-006H,execution_observed,,,,,,,NOT_REVIEWED,
OBS-operational_outlier_control-EVT-OOC-006H-reachability_confirmed,operational_outlier_control,EVT-OOC-006H,reachability_confirmed,,,,,,,NOT_REVIEWED,
OBS-operational_outlier_control-EVT-OOC-006H-telemetry_reference,operational_outlier_control,EVT-OOC-006H,telemetry_reference,,,,,,,NOT_REVIEWED,
OBS-operational_outlier_control-EVT-OOC-006H-asset_criticality,operational_outlier_control,EVT-OOC-006H,asset_criticality,,,,,,,NOT_REVIEWED,
OBS-operational_outlier_control-EVT-OOC-006H-deployment_scope,operational_outlier_control,EVT-OOC-006H,deployment_scope,,,,,,,NOT_REVIEWED,
OBS-operational_outlier_control-EVT-OOC-006H-mitigation_status,operational_outlier_control,EVT-OOC-006H,mitigation_status,,,,,,,NOT_REVIEWED,
OBS-rapid_pivot-EVT-RP-002H-product_id,rapid_pivot,EVT-RP-002H,product_id,,,,,,,NOT_REVIEWED,
OBS-rapid_pivot-EVT-RP-002H-product_version,rapid_pivot,EVT-RP-002H,product_version,,,,,,,NOT_REVIEWED,
OBS-rapid_pivot-EVT-RP-002H-product_purl,rapid_pivot,EVT-RP-002H,product_purl,,,,,,,NOT_REVIEWED,
OBS-rapid_pivot-EVT-RP-002H-sbom_reference,rapid_pivot,EVT-RP-002H,sbom_reference,,,,,,,NOT_REVIEWED,
OBS-rapid_pivot-EVT-RP-002H-primary_identifier,rapid_pivot,EVT-RP-002H,primary_identifier,,,,,,,NOT_REVIEWED,
OBS-rapid_pivot-EVT-RP-002H-matching_method,rapid_pivot,EVT-RP-002H,matching_method,,,,,,,NOT_REVIEWED,
OBS-rapid_pivot-EVT-RP-002H-identity_confidence,rapid_pivot,EVT-RP-002H,identity_confidence,,,,,,,NOT_REVIEWED,
OBS-rapid_pivot-EVT-RP-002H-cve_id,rapid_pivot,EVT-RP-002H,cve_id,,,,,,,NOT_REVIEWED,
OBS-rapid_pivot-EVT-RP-002H-cisa_kev_status,rapid_pivot,EVT-RP-002H,cisa_kev_status,,,,,,,NOT_REVIEWED,
OBS-rapid_pivot-EVT-RP-002H-epss_percentile,rapid_pivot,EVT-RP-002H,epss_percentile,,,,,,,NOT_REVIEWED,
OBS-rapid_pivot-EVT-RP-002H-csaf_vex_status,rapid_pivot,EVT-RP-002H,csaf_vex_status,,,,,,,NOT_REVIEWED,
OBS-rapid_pivot-EVT-RP-002H-csaf_reference,rapid_pivot,EVT-RP-002H,csaf_reference,,,,,,,NOT_REVIEWED,
OBS-rapid_pivot-EVT-RP-002H-execution_observed,rapid_pivot,EVT-RP-002H,execution_observed,,,,,,,NOT_REVIEWED,
OBS-rapid_pivot-EVT-RP-002H-reachability_confirmed,rapid_pivot,EVT-RP-002H,reachability_confirmed,,,,,,,NOT_REVIEWED,
OBS-rapid_pivot-EVT-RP-002H-telemetry_reference,rapid_pivot,EVT-RP-002H,telemetry_reference,,,,,,,NOT_REVIEWED,
OBS-rapid_pivot-EVT-RP-002H-asset_criticality,rapid_pivot,EVT-RP-002H,asset_criticality,,,,,,,NOT_REVIEWED,
OBS-rapid_pivot-EVT-RP-002H-deployment_scope,rapid_pivot,EVT-RP-002H,deployment_scope,,,,,,,NOT_REVIEWED,
OBS-rapid_pivot-EVT-RP-002H-mitigation_status,rapid_pivot,EVT-RP-002H,mitigation_status,,,,,,,NOT_REVIEWED,
OBS-rapid_pivot-EVT-RP-012H-product_id,rapid_pivot,EVT-RP-012H,product_id,,,,,,,NOT_REVIEWED,
OBS-rapid_pivot-EVT-RP-012H-product_version,rapid_pivot,EVT-RP-012H,product_version,,,,,,,NOT_REVIEWED,
OBS-rapid_pivot-EVT-RP-012H-product_purl,rapid_pivot,EVT-RP-012H,product_purl,,,,,,,NOT_REVIEWED,
OBS-rapid_pivot-EVT-RP-012H-sbom_reference,rapid_pivot,EVT-RP-012H,sbom_reference,,,,,,,NOT_REVIEWED,
OBS-rapid_pivot-EVT-RP-012H-primary_identifier,rapid_pivot,EVT-RP-012H,primary_identifier,,,,,,,NOT_REVIEWED,
OBS-rapid_pivot-EVT-RP-012H-matching_method,rapid_pivot,EVT-RP-012H,matching_method,,,,,,,NOT_REVIEWED,
OBS-rapid_pivot-EVT-RP-012H-identity_confidence,rapid_pivot,EVT-RP-012H,identity_confidence,,,,,,,NOT_REVIEWED,
OBS-rapid_pivot-EVT-RP-012H-cve_id,rapid_pivot,EVT-RP-012H,cve_id,,,,,,,NOT_REVIEWED,
OBS-rapid_pivot-EVT-RP-012H-cisa_kev_status,rapid_pivot,EVT-RP-012H,cisa_kev_status,,,,,,,NOT_REVIEWED,
OBS-rapid_pivot-EVT-RP-012H-epss_percentile,rapid_pivot,EVT-RP-012H,epss_percentile,,,,,,,NOT_REVIEWED,
OBS-rapid_pivot-EVT-RP-012H-csaf_vex_status,rapid_pivot,EVT-RP-012H,csaf_vex_status,,,,,,,NOT_REVIEWED,
OBS-rapid_pivot-EVT-RP-012H-csaf_reference,rapid_pivot,EVT-RP-012H,csaf_reference,,,,,,,NOT_REVIEWED,
OBS-rapid_pivot-EVT-RP-012H-execution_observed,rapid_pivot,EVT-RP-012H,execution_observed,,,,,,,NOT_REVIEWED,
OBS-rapid_pivot-EVT-RP-012H-reachability_confirmed,rapid_pivot,EVT-RP-012H,reachability_confirmed,,,,,,,NOT_REVIEWED,
OBS-rapid_pivot-EVT-RP-012H-telemetry_reference,rapid_pivot,EVT-RP-012H,telemetry_reference,,,,,,,NOT_REVIEWED,
OBS-rapid_pivot-EVT-RP-012H-asset_criticality,rapid_pivot,EVT-RP-012H,asset_criticality,,,,,,,NOT_REVIEWED,
OBS-rapid_pivot-EVT-RP-012H-deployment_scope,rapid_pivot,EVT-RP-012H,deployment_scope,,,,,,,NOT_REVIEWED,
OBS-rapid_pivot-EVT-RP-012H-mitigation_status,rapid_pivot,EVT-RP-012H,mitigation_status,,,,,,,NOT_REVIEWED,
OBS-rapid_pivot-EVT-RP-018H-product_id,rapid_pivot,EVT-RP-018H,product_id,,,,,,,NOT_REVIEWED,
OBS-rapid_pivot-EVT-RP-018H-product_version,rapid_pivot,EVT-RP-018H,product_version,,,,,,,NOT_REVIEWED,
OBS-rapid_pivot-EVT-RP-018H-product_purl,rapid_pivot,EVT-RP-018H,product_purl,,,,,,,NOT_REVIEWED,
OBS-rapid_pivot-EVT-RP-018H-sbom_reference,rapid_pivot,EVT-RP-018H,sbom_reference,,,,,,,NOT_REVIEWED,
OBS-rapid_pivot-EVT-RP-018H-primary_identifier,rapid_pivot,EVT-RP-018H,primary_identifier,,,,,,,NOT_REVIEWED,
OBS-rapid_pivot-EVT-RP-018H-matching_method,rapid_pivot,EVT-RP-018H,matching_method,,,,,,,NOT_REVIEWED,
OBS-rapid_pivot-EVT-RP-018H-identity_confidence,rapid_pivot,EVT-RP-018H,identity_confidence,,,,,,,NOT_REVIEWED,
OBS-rapid_pivot-EVT-RP-018H-cve_id,rapid_pivot,EVT-RP-018H,cve_id,,,,,,,NOT_REVIEWED,
OBS-rapid_pivot-EVT-RP-018H-cisa_kev_status,rapid_pivot,EVT-RP-018H,cisa_kev_status,,,,,,,NOT_REVIEWED,
OBS-rapid_pivot-EVT-RP-018H-epss_percentile,rapid_pivot,EVT-RP-018H,epss_percentile,,,,,,,NOT_REVIEWED,
OBS-rapid_pivot-EVT-RP-018H-csaf_vex_status,rapid_pivot,EVT-RP-018H,csaf_vex_status,,,,,,,NOT_REVIEWED,
OBS-rapid_pivot-EVT-RP-018H-csaf_reference,rapid_pivot,EVT-RP-018H,csaf_reference,,,,,,,NOT_REVIEWED,
OBS-rapid_pivot-EVT-RP-018H-execution_observed,rapid_pivot,EVT-RP-018H,execution_observed,,,,,,,NOT_REVIEWED,
OBS-rapid_pivot-EVT-RP-018H-reachability_confirmed,rapid_pivot,EVT-RP-018H,reachability_confirmed,,,,,,,NOT_REVIEWED,
OBS-rapid_pivot-EVT-RP-018H-telemetry_reference,rapid_pivot,EVT-RP-018H,telemetry_reference,,,,,,,NOT_REVIEWED,
OBS-rapid_pivot-EVT-RP-018H-asset_criticality,rapid_pivot,EVT-RP-018H,asset_criticality,,,,,,,NOT_REVIEWED,
OBS-rapid_pivot-EVT-RP-018H-deployment_scope,rapid_pivot,EVT-RP-018H,deployment_scope,,,,,,,NOT_REVIEWED,
OBS-rapid_pivot-EVT-RP-018H-mitigation_status,rapid_pivot,EVT-RP-018H,mitigation_status,,,,,,,NOT_REVIEWED,
OBS-rapid_pivot-EVT-RP-020H-product_id,rapid_pivot,EVT-RP-020H,product_id,,,,,,,NOT_REVIEWED,
OBS-rapid_pivot-EVT-RP-020H-product_version,rapid_pivot,EVT-RP-020H,product_version,,,,,,,NOT_REVIEWED,
OBS-rapid_pivot-EVT-RP-020H-product_purl,rapid_pivot,EVT-RP-020H,product_purl,,,,,,,NOT_REVIEWED,
OBS-rapid_pivot-EVT-RP-020H-sbom_reference,rapid_pivot,EVT-RP-020H,sbom_reference,,,,,,,NOT_REVIEWED,
OBS-rapid_pivot-EVT-RP-020H-primary_identifier,rapid_pivot,EVT-RP-020H,primary_identifier,,,,,,,NOT_REVIEWED,
OBS-rapid_pivot-EVT-RP-020H-matching_method,rapid_pivot,EVT-RP-020H,matching_method,,,,,,,NOT_REVIEWED,
OBS-rapid_pivot-EVT-RP-020H-identity_confidence,rapid_pivot,EVT-RP-020H,identity_confidence,,,,,,,NOT_REVIEWED,
OBS-rapid_pivot-EVT-RP-020H-cve_id,rapid_pivot,EVT-RP-020H,cve_id,,,,,,,NOT_REVIEWED,
OBS-rapid_pivot-EVT-RP-020H-cisa_kev_status,rapid_pivot,EVT-RP-020H,cisa_kev_status,,,,,,,NOT_REVIEWED,
OBS-rapid_pivot-EVT-RP-020H-epss_percentile,rapid_pivot,EVT-RP-020H,epss_percentile,,,,,,,NOT_REVIEWED,
OBS-rapid_pivot-EVT-RP-020H-csaf_vex_status,rapid_pivot,EVT-RP-020H,csaf_vex_status,,,,,,,NOT_REVIEWED,
OBS-rapid_pivot-EVT-RP-020H-csaf_reference,rapid_pivot,EVT-RP-020H,csaf_reference,,,,,,,NOT_REVIEWED,
OBS-rapid_pivot-EVT-RP-020H-execution_observed,rapid_pivot,EVT-RP-020H,execution_observed,,,,,,,NOT_REVIEWED,
OBS-rapid_pivot-EVT-RP-020H-reachability_confirmed,rapid_pivot,EVT-RP-020H,reachability_confirmed,,,,,,,NOT_REVIEWED,
OBS-rapid_pivot-EVT-RP-020H-telemetry_reference,rapid_pivot,EVT-RP-020H,telemetry_reference,,,,,,,NOT_REVIEWED,
OBS-rapid_pivot-EVT-RP-020H-asset_criticality,rapid_pivot,EVT-RP-020H,asset_criticality,,,,,,,NOT_REVIEWED,
OBS-rapid_pivot-EVT-RP-020H-deployment_scope,rapid_pivot,EVT-RP-020H,deployment_scope,,,,,,,NOT_REVIEWED,
OBS-rapid_pivot-EVT-RP-020H-mitigation_status,rapid_pivot,EVT-RP-020H,mitigation_status,,,,,,,NOT_REVIEWED,
OBS-rapid_pivot-EVT-RP-022H-product_id,rapid_pivot,EVT-RP-022H,product_id,,,,,,,NOT_REVIEWED,
OBS-rapid_pivot-EVT-RP-022H-product_version,rapid_pivot,EVT-RP-022H,product_version,,,,,,,NOT_REVIEWED,
OBS-rapid_pivot-EVT-RP-022H-product_purl,rapid_pivot,EVT-RP-022H,product_purl,,,,,,,NOT_REVIEWED,
OBS-rapid_pivot-EVT-RP-022H-sbom_reference,rapid_pivot,EVT-RP-022H,sbom_reference,,,,,,,NOT_REVIEWED,
OBS-rapid_pivot-EVT-RP-022H-primary_identifier,rapid_pivot,EVT-RP-022H,primary_identifier,,,,,,,NOT_REVIEWED,
OBS-rapid_pivot-EVT-RP-022H-matching_method,rapid_pivot,EVT-RP-022H,matching_method,,,,,,,NOT_REVIEWED,
OBS-rapid_pivot-EVT-RP-022H-identity_confidence,rapid_pivot,EVT-RP-022H,identity_confidence,,,,,,,NOT_REVIEWED,
OBS-rapid_pivot-EVT-RP-022H-cve_id,rapid_pivot,EVT-RP-022H,cve_id,,,,,,,NOT_REVIEWED,
OBS-rapid_pivot-EVT-RP-022H-cisa_kev_status,rapid_pivot,EVT-RP-022H,cisa_kev_status,,,,,,,NOT_REVIEWED,
OBS-rapid_pivot-EVT-RP-022H-epss_percentile,rapid_pivot,EVT-RP-022H,epss_percentile,,,,,,,NOT_REVIEWED,
OBS-rapid_pivot-EVT-RP-022H-csaf_vex_status,rapid_pivot,EVT-RP-022H,csaf_vex_status,,,,,,,NOT_REVIEWED,
OBS-rapid_pivot-EVT-RP-022H-csaf_reference,rapid_pivot,EVT-RP-022H,csaf_reference,,,,,,,NOT_REVIEWED,
OBS-rapid_pivot-EVT-RP-022H-execution_observed,rapid_pivot,EVT-RP-022H,execution_observed,,,,,,,NOT_REVIEWED,
OBS-rapid_pivot-EVT-RP-022H-reachability_confirmed,rapid_pivot,EVT-RP-022H,reachability_confirmed,,,,,,,NOT_REVIEWED,
OBS-rapid_pivot-EVT-RP-022H-telemetry_reference,rapid_pivot,EVT-RP-022H,telemetry_reference,,,,,,,NOT_REVIEWED,
OBS-rapid_pivot-EVT-RP-022H-asset_criticality,rapid_pivot,EVT-RP-022H,asset_criticality,,,,,,,NOT_REVIEWED,
OBS-rapid_pivot-EVT-RP-022H-deployment_scope,rapid_pivot,EVT-RP-022H,deployment_scope,,,,,,,NOT_REVIEWED,
OBS-rapid_pivot-EVT-RP-022H-mitigation_status,rapid_pivot,EVT-RP-022H,mitigation_status,,,,,,,NOT_REVIEWED,
OBS-rapid_pivot-EVT-RP-072H-product_id,rapid_pivot,EVT-RP-072H,product_id,,,,,,,NOT_REVIEWED,
OBS-rapid_pivot-EVT-RP-072H-product_version,rapid_pivot,EVT-RP-072H,product_version,,,,,,,NOT_REVIEWED,
OBS-rapid_pivot-EVT-RP-072H-product_purl,rapid_pivot,EVT-RP-072H,product_purl,,,,,,,NOT_REVIEWED,
OBS-rapid_pivot-EVT-RP-072H-sbom_reference,rapid_pivot,EVT-RP-072H,sbom_reference,,,,,,,NOT_REVIEWED,
OBS-rapid_pivot-EVT-RP-072H-primary_identifier,rapid_pivot,EVT-RP-072H,primary_identifier,,,,,,,NOT_REVIEWED,
OBS-rapid_pivot-EVT-RP-072H-matching_method,rapid_pivot,EVT-RP-072H,matching_method,,,,,,,NOT_REVIEWED,
OBS-rapid_pivot-EVT-RP-072H-identity_confidence,rapid_pivot,EVT-RP-072H,identity_confidence,,,,,,,NOT_REVIEWED,
OBS-rapid_pivot-EVT-RP-072H-cve_id,rapid_pivot,EVT-RP-072H,cve_id,,,,,,,NOT_REVIEWED,
OBS-rapid_pivot-EVT-RP-072H-cisa_kev_status,rapid_pivot,EVT-RP-072H,cisa_kev_status,,,,,,,NOT_REVIEWED,
OBS-rapid_pivot-EVT-RP-072H-epss_percentile,rapid_pivot,EVT-RP-072H,epss_percentile,,,,,,,NOT_REVIEWED,
OBS-rapid_pivot-EVT-RP-072H-csaf_vex_status,rapid_pivot,EVT-RP-072H,csaf_vex_status,,,,,,,NOT_REVIEWED,
OBS-rapid_pivot-EVT-RP-072H-csaf_reference,rapid_pivot,EVT-RP-072H,csaf_reference,,,,,,,NOT_REVIEWED,
OBS-rapid_pivot-EVT-RP-072H-execution_observed,rapid_pivot,EVT-RP-072H,execution_observed,,,,,,,NOT_REVIEWED,
OBS-rapid_pivot-EVT-RP-072H-reachability_confirmed,rapid_pivot,EVT-RP-072H,reachability_confirmed,,,,,,,NOT_REVIEWED,
OBS-rapid_pivot-EVT-RP-072H-telemetry_reference,rapid_pivot,EVT-RP-072H,telemetry_reference,,,,,,,NOT_REVIEWED,
OBS-rapid_pivot-EVT-RP-072H-asset_criticality,rapid_pivot,EVT-RP-072H,asset_criticality,,,,,,,NOT_REVIEWED,
OBS-rapid_pivot-EVT-RP-072H-deployment_scope,rapid_pivot,EVT-RP-072H,deployment_scope,,,,,,,NOT_REVIEWED,
OBS-rapid_pivot-EVT-RP-072H-mitigation_status,rapid_pivot,EVT-RP-072H,mitigation_status,,,,,,,NOT_REVIEWED,
OBS-rapid_pivot_control-EVT-RPC-002H-product_id,rapid_pivot_control,EVT-RPC-002H,product_id,,,,,,,NOT_REVIEWED,
OBS-rapid_pivot_control-EVT-RPC-002H-product_version,rapid_pivot_control,EVT-RPC-002H,product_version,,,,,,,NOT_REVIEWED,
OBS-rapid_pivot_control-EVT-RPC-002H-product_purl,rapid_pivot_control,EVT-RPC-002H,product_purl,,,,,,,NOT_REVIEWED,
OBS-rapid_pivot_control-EVT-RPC-002H-sbom_reference,rapid_pivot_control,EVT-RPC-002H,sbom_reference,,,,,,,NOT_REVIEWED,
OBS-rapid_pivot_control-EVT-RPC-002H-primary_identifier,rapid_pivot_control,EVT-RPC-002H,primary_identifier,,,,,,,NOT_REVIEWED,
OBS-rapid_pivot_control-EVT-RPC-002H-matching_method,rapid_pivot_control,EVT-RPC-002H,matching_method,,,,,,,NOT_REVIEWED,
OBS-rapid_pivot_control-EVT-RPC-002H-identity_confidence,rapid_pivot_control,EVT-RPC-002H,identity_confidence,,,,,,,NOT_REVIEWED,
OBS-rapid_pivot_control-EVT-RPC-002H-cve_id,rapid_pivot_control,EVT-RPC-002H,cve_id,,,,,,,NOT_REVIEWED,
OBS-rapid_pivot_control-EVT-RPC-002H-cisa_kev_status,rapid_pivot_control,EVT-RPC-002H,cisa_kev_status,,,,,,,NOT_REVIEWED,
OBS-rapid_pivot_control-EVT-RPC-002H-epss_percentile,rapid_pivot_control,EVT-RPC-002H,epss_percentile,,,,,,,NOT_REVIEWED,
OBS-rapid_pivot_control-EVT-RPC-002H-csaf_vex_status,rapid_pivot_control,EVT-RPC-002H,csaf_vex_status,,,,,,,NOT_REVIEWED,
OBS-rapid_pivot_control-EVT-RPC-002H-csaf_reference,rapid_pivot_control,EVT-RPC-002H,csaf_reference,,,,,,,NOT_REVIEWED,
OBS-rapid_pivot_control-EVT-RPC-002H-execution_observed,rapid_pivot_control,EVT-RPC-002H,execution_observed,,,,,,,NOT_REVIEWED,
OBS-rapid_pivot_control-EVT-RPC-002H-reachability_confirmed,rapid_pivot_control,EVT-RPC-002H,reachability_confirmed,,,,,,,NOT_REVIEWED,
OBS-rapid_pivot_control-EVT-RPC-002H-telemetry_reference,rapid_pivot_control,EVT-RPC-002H,telemetry_reference,,,,,,,NOT_REVIEWED,
OBS-rapid_pivot_control-EVT-RPC-002H-asset_criticality,rapid_pivot_control,EVT-RPC-002H,asset_criticality,,,,,,,NOT_REVIEWED,
OBS-rapid_pivot_control-EVT-RPC-002H-deployment_scope,rapid_pivot_control,EVT-RPC-002H,deployment_scope,,,,,,,NOT_REVIEWED,
OBS-rapid_pivot_control-EVT-RPC-002H-mitigation_status,rapid_pivot_control,EVT-RPC-002H,mitigation_status,,,,,,,NOT_REVIEWED,
OBS-rapid_pivot_control-EVT-RPC-012H-product_id,rapid_pivot_control,EVT-RPC-012H,product_id,,,,,,,NOT_REVIEWED,
OBS-rapid_pivot_control-EVT-RPC-012H-product_version,rapid_pivot_control,EVT-RPC-012H,product_version,,,,,,,NOT_REVIEWED,
OBS-rapid_pivot_control-EVT-RPC-012H-product_purl,rapid_pivot_control,EVT-RPC-012H,product_purl,,,,,,,NOT_REVIEWED,
OBS-rapid_pivot_control-EVT-RPC-012H-sbom_reference,rapid_pivot_control,EVT-RPC-012H,sbom_reference,,,,,,,NOT_REVIEWED,
OBS-rapid_pivot_control-EVT-RPC-012H-primary_identifier,rapid_pivot_control,EVT-RPC-012H,primary_identifier,,,,,,,NOT_REVIEWED,
OBS-rapid_pivot_control-EVT-RPC-012H-matching_method,rapid_pivot_control,EVT-RPC-012H,matching_method,,,,,,,NOT_REVIEWED,
OBS-rapid_pivot_control-EVT-RPC-012H-identity_confidence,rapid_pivot_control,EVT-RPC-012H,identity_confidence,,,,,,,NOT_REVIEWED,
OBS-rapid_pivot_control-EVT-RPC-012H-cve_id,rapid_pivot_control,EVT-RPC-012H,cve_id,,,,,,,NOT_REVIEWED,
OBS-rapid_pivot_control-EVT-RPC-012H-cisa_kev_status,rapid_pivot_control,EVT-RPC-012H,cisa_kev_status,,,,,,,NOT_REVIEWED,
OBS-rapid_pivot_control-EVT-RPC-012H-epss_percentile,rapid_pivot_control,EVT-RPC-012H,epss_percentile,,,,,,,NOT_REVIEWED,
OBS-rapid_pivot_control-EVT-RPC-012H-csaf_vex_status,rapid_pivot_control,EVT-RPC-012H,csaf_vex_status,,,,,,,NOT_REVIEWED,
OBS-rapid_pivot_control-EVT-RPC-012H-csaf_reference,rapid_pivot_control,EVT-RPC-012H,csaf_reference,,,,,,,NOT_REVIEWED,
OBS-rapid_pivot_control-EVT-RPC-012H-execution_observed,rapid_pivot_control,EVT-RPC-012H,execution_observed,,,,,,,NOT_REVIEWED,
OBS-rapid_pivot_control-EVT-RPC-012H-reachability_confirmed,rapid_pivot_control,EVT-RPC-012H,reachability_confirmed,,,,,,,NOT_REVIEWED,
OBS-rapid_pivot_control-EVT-RPC-012H-telemetry_reference,rapid_pivot_control,EVT-RPC-012H,telemetry_reference,,,,,,,NOT_REVIEWED,
OBS-rapid_pivot_control-EVT-RPC-012H-asset_criticality,rapid_pivot_control,EVT-RPC-012H,asset_criticality,,,,,,,NOT_REVIEWED,
OBS-rapid_pivot_control-EVT-RPC-012H-deployment_scope,rapid_pivot_control,EVT-RPC-012H,deployment_scope,,,,,,,NOT_REVIEWED,
OBS-rapid_pivot_control-EVT-RPC-012H-mitigation_status,rapid_pivot_control,EVT-RPC-012H,mitigation_status,,,,,,,NOT_REVIEWED,
OBS-rapid_pivot_control-EVT-RPC-018H-product_id,rapid_pivot_control,EVT-RPC-018H,product_id,,,,,,,NOT_REVIEWED,
OBS-rapid_pivot_control-EVT-RPC-018H-product_version,rapid_pivot_control,EVT-RPC-018H,product_version,,,,,,,NOT_REVIEWED,
OBS-rapid_pivot_control-EVT-RPC-018H-product_purl,rapid_pivot_control,EVT-RPC-018H,product_purl,,,,,,,NOT_REVIEWED,
OBS-rapid_pivot_control-EVT-RPC-018H-sbom_reference,rapid_pivot_control,EVT-RPC-018H,sbom_reference,,,,,,,NOT_REVIEWED,
OBS-rapid_pivot_control-EVT-RPC-018H-primary_identifier,rapid_pivot_control,EVT-RPC-018H,primary_identifier,,,,,,,NOT_REVIEWED,
OBS-rapid_pivot_control-EVT-RPC-018H-matching_method,rapid_pivot_control,EVT-RPC-018H,matching_method,,,,,,,NOT_REVIEWED,
OBS-rapid_pivot_control-EVT-RPC-018H-identity_confidence,rapid_pivot_control,EVT-RPC-018H,identity_confidence,,,,,,,NOT_REVIEWED,
OBS-rapid_pivot_control-EVT-RPC-018H-cve_id,rapid_pivot_control,EVT-RPC-018H,cve_id,,,,,,,NOT_REVIEWED,
OBS-rapid_pivot_control-EVT-RPC-018H-cisa_kev_status,rapid_pivot_control,EVT-RPC-018H,cisa_kev_status,,,,,,,NOT_REVIEWED,
OBS-rapid_pivot_control-EVT-RPC-018H-epss_percentile,rapid_pivot_control,EVT-RPC-018H,epss_percentile,,,,,,,NOT_REVIEWED,
OBS-rapid_pivot_control-EVT-RPC-018H-csaf_vex_status,rapid_pivot_control,EVT-RPC-018H,csaf_vex_status,,,,,,,NOT_REVIEWED,
OBS-rapid_pivot_control-EVT-RPC-018H-csaf_reference,rapid_pivot_control,EVT-RPC-018H,csaf_reference,,,,,,,NOT_REVIEWED,
OBS-rapid_pivot_control-EVT-RPC-018H-execution_observed,rapid_pivot_control,EVT-RPC-018H,execution_observed,,,,,,,NOT_REVIEWED,
OBS-rapid_pivot_control-EVT-RPC-018H-reachability_confirmed,rapid_pivot_control,EVT-RPC-018H,reachability_confirmed,,,,,,,NOT_REVIEWED,
OBS-rapid_pivot_control-EVT-RPC-018H-telemetry_reference,rapid_pivot_control,EVT-RPC-018H,telemetry_reference,,,,,,,NOT_REVIEWED,
OBS-rapid_pivot_control-EVT-RPC-018H-asset_criticality,rapid_pivot_control,EVT-RPC-018H,asset_criticality,,,,,,,NOT_REVIEWED,
OBS-rapid_pivot_control-EVT-RPC-018H-deployment_scope,rapid_pivot_control,EVT-RPC-018H,deployment_scope,,,,,,,NOT_REVIEWED,
OBS-rapid_pivot_control-EVT-RPC-018H-mitigation_status,rapid_pivot_control,EVT-RPC-018H,mitigation_status,,,,,,,NOT_REVIEWED,
OBS-rapid_pivot_control-EVT-RPC-020H-product_id,rapid_pivot_control,EVT-RPC-020H,product_id,,,,,,,NOT_REVIEWED,
OBS-rapid_pivot_control-EVT-RPC-020H-product_version,rapid_pivot_control,EVT-RPC-020H,product_version,,,,,,,NOT_REVIEWED,
OBS-rapid_pivot_control-EVT-RPC-020H-product_purl,rapid_pivot_control,EVT-RPC-020H,product_purl,,,,,,,NOT_REVIEWED,
OBS-rapid_pivot_control-EVT-RPC-020H-sbom_reference,rapid_pivot_control,EVT-RPC-020H,sbom_reference,,,,,,,NOT_REVIEWED,
OBS-rapid_pivot_control-EVT-RPC-020H-primary_identifier,rapid_pivot_control,EVT-RPC-020H,primary_identifier,,,,,,,NOT_REVIEWED,
OBS-rapid_pivot_control-EVT-RPC-020H-matching_method,rapid_pivot_control,EVT-RPC-020H,matching_method,,,,,,,NOT_REVIEWED,
OBS-rapid_pivot_control-EVT-RPC-020H-identity_confidence,rapid_pivot_control,EVT-RPC-020H,identity_confidence,,,,,,,NOT_REVIEWED,
OBS-rapid_pivot_control-EVT-RPC-020H-cve_id,rapid_pivot_control,EVT-RPC-020H,cve_id,,,,,,,NOT_REVIEWED,
OBS-rapid_pivot_control-EVT-RPC-020H-cisa_kev_status,rapid_pivot_control,EVT-RPC-020H,cisa_kev_status,,,,,,,NOT_REVIEWED,
OBS-rapid_pivot_control-EVT-RPC-020H-epss_percentile,rapid_pivot_control,EVT-RPC-020H,epss_percentile,,,,,,,NOT_REVIEWED,
OBS-rapid_pivot_control-EVT-RPC-020H-csaf_vex_status,rapid_pivot_control,EVT-RPC-020H,csaf_vex_status,,,,,,,NOT_REVIEWED,
OBS-rapid_pivot_control-EVT-RPC-020H-csaf_reference,rapid_pivot_control,EVT-RPC-020H,csaf_reference,,,,,,,NOT_REVIEWED,
OBS-rapid_pivot_control-EVT-RPC-020H-execution_observed,rapid_pivot_control,EVT-RPC-020H,execution_observed,,,,,,,NOT_REVIEWED,
OBS-rapid_pivot_control-EVT-RPC-020H-reachability_confirmed,rapid_pivot_control,EVT-RPC-020H,reachability_confirmed,,,,,,,NOT_REVIEWED,
OBS-rapid_pivot_control-EVT-RPC-020H-telemetry_reference,rapid_pivot_control,EVT-RPC-020H,telemetry_reference,,,,,,,NOT_REVIEWED,
OBS-rapid_pivot_control-EVT-RPC-020H-asset_criticality,rapid_pivot_control,EVT-RPC-020H,asset_criticality,,,,,,,NOT_REVIEWED,
OBS-rapid_pivot_control-EVT-RPC-020H-deployment_scope,rapid_pivot_control,EVT-RPC-020H,deployment_scope,,,,,,,NOT_REVIEWED,
OBS-rapid_pivot_control-EVT-RPC-020H-mitigation_status,rapid_pivot_control,EVT-RPC-020H,mitigation_status,,,,,,,NOT_REVIEWED,
OBS-rapid_pivot_control-EVT-RPC-022H-product_id,rapid_pivot_control,EVT-RPC-022H,product_id,,,,,,,NOT_REVIEWED,
OBS-rapid_pivot_control-EVT-RPC-022H-product_version,rapid_pivot_control,EVT-RPC-022H,product_version,,,,,,,NOT_REVIEWED,
OBS-rapid_pivot_control-EVT-RPC-022H-product_purl,rapid_pivot_control,EVT-RPC-022H,product_purl,,,,,,,NOT_REVIEWED,
OBS-rapid_pivot_control-EVT-RPC-022H-sbom_reference,rapid_pivot_control,EVT-RPC-022H,sbom_reference,,,,,,,NOT_REVIEWED,
OBS-rapid_pivot_control-EVT-RPC-022H-primary_identifier,rapid_pivot_control,EVT-RPC-022H,primary_identifier,,,,,,,NOT_REVIEWED,
OBS-rapid_pivot_control-EVT-RPC-022H-matching_method,rapid_pivot_control,EVT-RPC-022H,matching_method,,,,,,,NOT_REVIEWED,
OBS-rapid_pivot_control-EVT-RPC-022H-identity_confidence,rapid_pivot_control,EVT-RPC-022H,identity_confidence,,,,,,,NOT_REVIEWED,
OBS-rapid_pivot_control-EVT-RPC-022H-cve_id,rapid_pivot_control,EVT-RPC-022H,cve_id,,,,,,,NOT_REVIEWED,
OBS-rapid_pivot_control-EVT-RPC-022H-cisa_kev_status,rapid_pivot_control,EVT-RPC-022H,cisa_kev_status,,,,,,,NOT_REVIEWED,
OBS-rapid_pivot_control-EVT-RPC-022H-epss_percentile,rapid_pivot_control,EVT-RPC-022H,epss_percentile,,,,,,,NOT_REVIEWED,
OBS-rapid_pivot_control-EVT-RPC-022H-csaf_vex_status,rapid_pivot_control,EVT-RPC-022H,csaf_vex_status,,,,,,,NOT_REVIEWED,
OBS-rapid_pivot_control-EVT-RPC-022H-csaf_reference,rapid_pivot_control,EVT-RPC-022H,csaf_reference,,,,,,,NOT_REVIEWED,
OBS-rapid_pivot_control-EVT-RPC-022H-execution_observed,rapid_pivot_control,EVT-RPC-022H,execution_observed,,,,,,,NOT_REVIEWED,
OBS-rapid_pivot_control-EVT-RPC-022H-reachability_confirmed,rapid_pivot_control,EVT-RPC-022H,reachability_confirmed,,,,,,,NOT_REVIEWED,
OBS-rapid_pivot_control-EVT-RPC-022H-telemetry_reference,rapid_pivot_control,EVT-RPC-022H,telemetry_reference,,,,,,,NOT_REVIEWED,
OBS-rapid_pivot_control-EVT-RPC-022H-asset_criticality,rapid_pivot_control,EVT-RPC-022H,asset_criticality,,,,,,,NOT_REVIEWED,
OBS-rapid_pivot_control-EVT-RPC-022H-deployment_scope,rapid_pivot_control,EVT-RPC-022H,deployment_scope,,,,,,,NOT_REVIEWED,
OBS-rapid_pivot_control-EVT-RPC-022H-mitigation_status,rapid_pivot_control,EVT-RPC-022H,mitigation_status,,,,,,,NOT_REVIEWED,
OBS-rapid_pivot_control-EVT-RPC-072H-product_id,rapid_pivot_control,EVT-RPC-072H,product_id,,,,,,,NOT_REVIEWED,
OBS-rapid_pivot_control-EVT-RPC-072H-product_version,rapid_pivot_control,EVT-RPC-072H,product_version,,,,,,,NOT_REVIEWED,
OBS-rapid_pivot_control-EVT-RPC-072H-product_purl,rapid_pivot_control,EVT-RPC-072H,product_purl,,,,,,,NOT_REVIEWED,
OBS-rapid_pivot_control-EVT-RPC-072H-sbom_reference,rapid_pivot_control,EVT-RPC-072H,sbom_reference,,,,,,,NOT_REVIEWED,
OBS-rapid_pivot_control-EVT-RPC-072H-primary_identifier,rapid_pivot_control,EVT-RPC-072H,primary_identifier,,,,,,,NOT_REVIEWED,
OBS-rapid_pivot_control-EVT-RPC-072H-matching_method,rapid_pivot_control,EVT-RPC-072H,matching_method,,,,,,,NOT_REVIEWED,
OBS-rapid_pivot_control-EVT-RPC-072H-identity_confidence,rapid_pivot_control,EVT-RPC-072H,identity_confidence,,,,,,,NOT_REVIEWED,
OBS-rapid_pivot_control-EVT-RPC-072H-cve_id,rapid_pivot_control,EVT-RPC-072H,cve_id,,,,,,,NOT_REVIEWED,
OBS-rapid_pivot_control-EVT-RPC-072H-cisa_kev_status,rapid_pivot_control,EVT-RPC-072H,cisa_kev_status,,,,,,,NOT_REVIEWED,
OBS-rapid_pivot_control-EVT-RPC-072H-epss_percentile,rapid_pivot_control,EVT-RPC-072H,epss_percentile,,,,,,,NOT_REVIEWED,
OBS-rapid_pivot_control-EVT-RPC-072H-csaf_vex_status,rapid_pivot_control,EVT-RPC-072H,csaf_vex_status,,,,,,,NOT_REVIEWED,
OBS-rapid_pivot_control-EVT-RPC-072H-csaf_reference,rapid_pivot_control,EVT-RPC-072H,csaf_reference,,,,,,,NOT_REVIEWED,
OBS-rapid_pivot_control-EVT-RPC-072H-execution_observed,rapid_pivot_control,EVT-RPC-072H,execution_observed,,,,,,,NOT_REVIEWED,
OBS-rapid_pivot_control-EVT-RPC-072H-reachability_confirmed,rapid_pivot_control,EVT-RPC-072H,reachability_confirmed,,,,,,,NOT_REVIEWED,
OBS-rapid_pivot_control-EVT-RPC-072H-telemetry_reference,rapid_pivot_control,EVT-RPC-072H,telemetry_reference,,,,,,,NOT_REVIEWED,
OBS-rapid_pivot_control-EVT-RPC-072H-asset_criticality,rapid_pivot_control,EVT-RPC-072H,asset_criticality,,,,,,,NOT_REVIEWED,
OBS-rapid_pivot_control-EVT-RPC-072H-deployment_scope,rapid_pivot_control,EVT-RPC-072H,deployment_scope,,,,,,,NOT_REVIEWED,
OBS-rapid_pivot_control-EVT-RPC-072H-mitigation_status,rapid_pivot_control,EVT-RPC-072H,mitigation_status,,,,,,,NOT_REVIEWED,
